id,YEAR,pagerank
CRW,2015,0.2914590901293405
PBG,2015,0.19085986721473044
ILG,2015,0.18107729154984087
PIT,2015,1.2191248287920033
LCH,2015,0.26554853790789545
RHI,2015,0.3088549299865058
ROA,2015,0.28573759589683884
IMT,2015,0.26883167040884104
BZN,2015,0.3606188906936477
BIL,2015,0.3280587817320325
SCE,2015,0.17733871824050815
JLN,2015,0.2102945723249492
GRK,2015,0.37207643435130094
JMS,2015,0.4534631943376147
HYS,2015,0.20461601527065792
SMX,2015,0.2065385317052877
FCA,2015,0.17733871824050815
OAK,2015,1.999840136526022
ELP,2015,0.6958376135119206
OTH,2015,0.19022709387917922
BHM,2015,0.7319787621407817
EYW,2015,0.2654507363764948
LIT,2015,0.6569641822583959
GTR,2015,0.22042593562382148
ASE,2015,0.33080396430961584
BJI,2015,0.2119717520150325
PBI,2015,1.1553353014409513
PLN,2015,0.21493422924322556
STX,2015,0.17733871824050815
INL,2015,0.2903982665525391
ITO,2015,0.17733871824050815
BGM,2015,0.19221360773221136
MLU,2015,0.3167422956744305
AZO,2015,0.2662208173636013
MEM,2015,0.8487006494855346
MBS,2015,0.26165925788290645
SBN,2015,0.39304529290614865
SUN,2015,0.22518287067718054
AVP,2015,0.24256297871731833
BDL,2015,0.9833440109276802
WYS,2015,0.18846206759904685
MCO,2015,5.294608573272638
BNA,2015,2.275111636237094
MHT,2015,0.4400013026876507
DLH,2015,0.2664355633078951
BMI,2015,0.3087309237130168
BLI,2015,0.19854016678380412
SUX,2015,0.20771104134204693
SGU,2015,0.27680686033040103
LAW,2015,0.2435690603577203
YUM,2015,0.25446464302944927
VPS,2015,0.4059726120306442
LAS,2015,6.189215347924379
PDX,2015,2.2338478160339803
COU,2015,0.24201147656358551
CEC,2015,0.18516617957846904
BOS,2015,4.893452288824393
SJC,2015,1.815014734237242
GTF,2015,0.28218485223807604
ACV,2015,0.23674503007913822
RSW,2015,1.382363651844619
MLB,2015,0.23880698501000316
GRR,2015,0.6858822476501332
TXK,2015,0.22586211665765485
SDF,2015,0.6217635537777805
SFO,2015,7.588123168157084
CHO,2015,0.28067634632063937
ONT,2015,0.9713922576229438
OGG,2015,0.17733871824050815
CAE,2015,0.41533364633973413
EAU,2015,0.21008878598662822
MVY,2015,0.18571139273540993
MFE,2015,0.3333315508236787
MLI,2015,0.3593785707434192
SRQ,2015,0.3286639268922008
GEG,2015,0.6274572347231175
IDA,2015,0.29830543426933087
SAF,2015,0.24779996797551482
MSO,2015,0.2878829359970989
STT,2015,0.17733871824050815
HDN,2015,0.20777839655282387
CIU,2015,0.20805261043171014
CLT,2015,4.591594408907202
CHS,2015,0.6964396369539797
COS,2015,0.5069178833405398
PIH,2015,0.21536132109589776
SJU,2015,0.17733871824050815
IAG,2015,0.19535131230069952
TYR,2015,0.28883954847446996
EKO,2015,0.2085696606702515
GUC,2015,0.19895893169152823
DCA,2015,3.361546952577385
DAY,2015,0.5795563750203384
BIS,2015,0.35036703788676604
JNU,2015,0.17733871824050815
DEN,2015,10.848737597771631
BUF,2015,0.905091291241115
ROW,2015,0.22581659752217914
LAN,2015,0.27230526754944673
CRP,2015,0.3942675832496289
SIT,2015,0.17733871824050815
LFT,2015,0.4162270396133479
GFK,2015,0.2157300070537515
UST,2015,0.17733871824050815
HSV,2015,0.38700467745957157
GCC,2015,0.23269015832597253
MEI,2015,0.4641327192059568
EVV,2015,0.3658744462846846
PIA,2015,0.40548692880374504
SNA,2015,1.8492080894858538
BQN,2015,0.17733871824050815
PIB,2015,0.33269183439052036
LBE,2015,0.23997583321971766
RDD,2015,0.20984328137551445
ELM,2015,0.2797068342735705
MSN,2015,0.6241657557898749
SYR,2015,0.4372747625655796
PSP,2015,0.5849912346880054
ROC,2015,0.5086572572039116
IAD,2015,1.6780588217232757
ACK,2015,0.19765907234334995
CLL,2015,0.28907072226986047
JAX,2015,0.9671109583260775
MKG,2015,0.21004392288012677
LGB,2015,0.5773726047243339
ALO,2015,0.20757645202254235
EGE,2015,0.22958521479336882
HRL,2015,0.30703808545002687
SWF,2015,0.20764638740607222
SEA,2015,5.3504229073679985
DIK,2015,0.22350037192239172
MSY,2015,1.8700368210460356
SAV,2015,0.5195249108095241
MDT,2015,0.333391707071521
BTR,2015,0.5133730650563005
CNY,2015,0.1883551123167532
PWM,2015,0.3824346247499195
RKS,2015,0.21313804433449682
XNA,2015,0.6220337304158323
MCI,2015,1.8782791195068251
MYR,2015,0.49677112552433483
LSE,2015,0.2601195181376393
BFL,2015,0.2915361960482901
PHF,2015,0.2357963728055181
HNL,2015,0.17733871824050815
ISP,2015,0.3577653743728691
ABI,2015,0.29250213099414646
ABQ,2015,1.0229200015205586
BUR,2015,0.9905070958570525
STC,2015,0.18106235608013543
SMF,2015,1.808641699478866
ECP,2015,0.35967251014130563
LAR,2015,0.20496460692599525
CVG,2015,1.1037715144998248
FSD,2015,0.43809105878409826
IND,2015,1.3172592592060484
RST,2015,0.2781352825938592
MIA,2015,3.2577734797041873
RDM,2015,0.2828462485225948
RAP,2015,0.3420324054085169
AEX,2015,0.3246048178483047
HIB,2015,0.3425482505015663
LGA,2015,4.62489750974505
VEL,2015,0.1883551123167532
BQK,2015,0.21821851167906067
CDC,2015,0.210815721598418
OAJ,2015,0.2303168929147692
FWA,2015,0.4357321513035212
CWA,2015,0.24759466252119525
OKC,2015,0.9247744464885213
ABY,2015,0.21821851167906067
LBB,2015,0.37888570761867163
DAB,2015,0.24578000082629572
SPI,2015,0.25568972895101466
KTN,2015,0.17733871824050815
JAN,2015,0.5122162197297676
PNS,2015,0.46926317933875633
RIC,2015,0.8651164203134418
ABR,2015,0.2126377718953118
TUS,2015,0.859945993233558
DHN,2015,0.23583545277667126
ACT,2015,0.25745239667782294
ACY,2015,0.3419869481842386
GRI,2015,0.20874692171877374
GGG,2015,0.2092931513444827
TVC,2015,0.310781693042792
HYA,2015,0.18070621047400828
SAT,2015,1.492787293932305
GCK,2015,0.21034009146042487
DAL,2015,2.79983827503739
RNO,2015,0.7464453156842156
DVL,2015,0.32256018630227373
LAX,2015,8.997900336491558
MAF,2015,0.5027019050954242
HLN,2015,0.2564535814028762
COD,2015,0.21135206145031876
CMX,2015,0.21008878598662822
BTV,2015,0.31562308242402437
CMH,2015,1.2366873259646707
GNV,2015,0.2988531785659675
GPT,2015,0.34432682707733
MOT,2015,0.2711926237522784
FAR,2015,0.46287115734969275
EWR,2015,4.705193576332518
SLC,2015,6.586308574637266
ORF,2015,0.595066318507015
MKE,2015,1.5197366203101836
GRB,2015,0.42114211658014516
SJT,2015,0.2582262219809107
CAK,2015,0.4480863242695525
FAY,2015,0.25302788926952
PVD,2015,0.6478500911236749
GJT,2015,0.32893678814819954
BGR,2015,0.19485580139517797
TUL,2015,0.8239602104071189
TLH,2015,0.3253961959868643
HPN,2015,0.5172850671685105
FAT,2015,0.504067466451316
SBP,2015,0.3096669923519029
OMA,2015,0.9405660239481286
SAN,2015,3.23500406157413
DSM,2015,0.5679121524701534
LWS,2015,0.2116178862156203
DTW,2015,6.3787186238456135
STL,2015,2.2395732018823247
SHV,2015,0.465366904879153
MSP,2015,6.821528168414899
PSC,2015,0.3027200805195774
TPA,2015,2.999003010101327
ABE,2015,0.28852381425085555
HOU,2015,2.479923914045783
CPR,2015,0.2695357286201362
RDU,2015,1.5842927153628357
LNK,2015,0.3078070083668116
FSM,2015,0.27299797119915126
ALB,2015,0.5003569403396915
ERI,2015,0.21347687375630905
FLG,2015,0.2456030469972245
PSE,2015,0.17733871824050815
MHK,2015,0.25812393846405174
TYS,2015,0.5073870056259162
BPT,2015,0.2255890018448004
LRD,2015,0.2822055157920559
LEX,2015,0.46522967986656183
CMI,2015,0.28174899005470955
TWF,2015,0.22557555055494052
BWI,2015,4.04962874035213
MTJ,2015,0.22040450791379054
FLL,2015,3.6375034480900013
GSP,2015,0.4720350589860394
SBA,2015,0.441689977509947
HOB,2015,0.20287028322819858
JFK,2015,4.556778058067731
TRI,2015,0.2659328292542755
APN,2015,0.2059407434051102
MOB,2015,0.41036449050375423
DFW,2015,13.831643380768623
SGF,2015,0.4775008112216087
PUB,2015,0.18884224286664164
CLD,2015,0.17733871824050815
TOL,2015,0.2244449800671191
DBQ,2015,0.22287477133956543
FAI,2015,0.17733871824050815
JAC,2015,0.34595446662004153
AGS,2015,0.28702494503257175
BOI,2015,0.7313876535058922
LIH,2015,0.17733871824050815
KOA,2015,0.17733871824050815
PHL,2015,3.036218565458165
MQT,2015,0.19216239021852594
BTM,2015,0.2162169633542469
AVL,2015,0.30671746563897007
AMA,2015,0.36144856719619584
PAH,2015,0.2099990597736252
PHX,2015,6.912062145521686
MDW,2015,3.729554069254903
AUS,2015,2.0567775508476416
ORH,2015,0.20625154899812023
CHA,2015,0.3783592998601639
EUG,2015,0.3489336730871392
TTN,2015,0.443433187721776
GSO,2015,0.4778766308595183
ATW,2015,0.31772822828375874
ICT,2015,0.5503765353745536
FNT,2015,0.39559370319108406
MRY,2015,0.3024631452524584
IAH,2015,7.6173356410810795
DRO,2015,0.27237624475474326
CLE,2015,1.6814676796174737
BRD,2015,0.2085387814525313
CID,2015,0.5077554936003219
ANC,2015,0.17733871824050815
EWN,2015,0.2040825083404957
ESC,2015,0.20607847386336683
ORD,2015,16.314204060911933
MFR,2015,0.2995176431261766
ATL,2015,18.808980616357765
ILM,2015,0.26346436611594104
CSG,2015,0.22738781114191353
ISN,2015,0.3013859716551392
SPS,2015,0.2390626659456214
BRO,2015,0.2876273400602432
VLD,2015,0.220765539307631
MGM,2015,0.3283099101721334
MMH,2015,0.18378924389042875
ITH,2015,0.1788996634340819
GSP,2016,0.4806966451651083
BUF,2016,0.8791014323616185
CLL,2016,0.22822193831596865
MLB,2016,0.24413886906159465
MLI,2016,0.2904527490798314
EVV,2016,0.29861582372637724
GUC,2016,0.18873959608689259
ABE,2016,0.28267830445884146
LIH,2016,0.17791197897329034
LBE,2016,0.22637540732408826
MSP,2016,7.331105869108112
CVG,2016,0.8203051132827247
TYR,2016,0.19680505166168208
ORD,2016,12.068706031527507
BNA,2016,2.2580253182982095
JNU,2016,0.17791197897329034
BHM,2016,0.6809760822754981
PIT,2016,1.1826924258820053
PNS,2016,0.4319021662953336
ELP,2016,0.6298846383578336
SHV,2016,0.4439906767997506
GRI,2016,0.19304831277218917
RDM,2016,0.29616363059799045
HOU,2016,2.38845790676855
TUS,2016,0.8374627948078718
RSW,2016,1.3985598748567174
STX,2016,0.17791197897329034
SAF,2016,0.23508335954458806
SLC,2016,6.368119217739498
FLL,2016,3.7836555301874513
AUS,2016,2.056081489529345
ROC,2016,0.47162740745090226
HYS,2016,0.20419457761407428
LCH,2016,0.23363926266278592
IAG,2016,0.1981048334405752
PBI,2016,1.1727533114694046
BDL,2016,0.9702028896570009
PHF,2016,0.22708042767521308
GRR,2016,0.5704737731181597
ANC,2016,0.17791197897329034
LBB,2016,0.35910648059390754
ACK,2016,0.20152082815069722
KOA,2016,0.17791197897329034
GJT,2016,0.3045273042355874
MFR,2016,0.30524751732752303
BQK,2016,0.22293579357877769
AZO,2016,0.27115654515778936
FLG,2016,0.2481288283703264
ACY,2016,0.33655046163767915
CAK,2016,0.401757191706812
MFE,2016,0.2774494737343487
FAI,2016,0.17791197897329034
COS,2016,0.5332708540312907
ATW,2016,0.3305464761109249
BGR,2016,0.20317340075306695
INL,2016,0.2923075174572384
JLN,2016,0.1985352337742901
SWF,2016,0.20690532691065386
TPA,2016,2.9101669578373413
JAC,2016,0.352806776746425
DAY,2016,0.4535361897403587
LAX,2016,8.73785655402377
EWN,2016,0.20853864355958107
BTR,2016,0.4855481619032688
SJC,2016,1.7997632611378
APN,2016,0.2519343445209254
CIU,2016,0.21285944859468484
TYS,2016,0.49460615843651357
GNV,2016,0.2776885913790564
PIA,2016,0.30896235720455867
RAP,2016,0.31829518274436747
CLE,2016,1.5347753540011726
TVC,2016,0.27827868572321945
DTW,2016,6.773855858370359
HDN,2016,0.22110662269925344
JAX,2016,0.9275227506732191
SPI,2016,0.2551645162913352
BGM,2016,0.21859487589367738
IND,2016,1.2615518635324385
FSD,2016,0.36529129845089664
WYS,2016,0.18918606761249712
ATL,2016,19.579693061020908
GTR,2016,0.2220632390321597
LWS,2016,0.21386154547639746
IAH,2016,6.825302618303383
ITO,2016,0.17791197897329034
DHN,2016,0.23798735950793778
PVD,2016,0.667176772889365
HNL,2016,0.17791197897329034
DRO,2016,0.25785490681619555
MYR,2016,0.5254997598986458
GTF,2016,0.26577733538778175
PIH,2016,0.22451825611572582
SMX,2016,0.20009018641893725
OAK,2016,2.065710626872457
PAH,2016,0.2071554648271324
BTM,2016,0.21198589865517906
CDC,2016,0.20941903025964528
SAT,2016,1.4334019017118809
DAL,2016,2.950310204469625
BIS,2016,0.2868313933674186
KTN,2016,0.17791197897329034
PDX,2016,2.4823641337197255
MKG,2016,0.20711271119284314
GRB,2016,0.3477679581262521
AVP,2016,0.25150962305510244
OGG,2016,0.17791197897329034
ACV,2016,0.23443449686984066
ROA,2016,0.2739741438254086
MDT,2016,0.28768504749703133
SYR,2016,0.41953589545153
SNA,2016,1.8990114420832656
PIB,2016,0.32843873406092805
BQN,2016,0.17791197897329034
ERI,2016,0.21012520938975246
CLT,2016,4.6251676523755885
OMA,2016,0.9188785274433214
MEI,2016,0.4468515324247187
SAV,2016,0.4833910323350346
FSM,2016,0.22988932852420052
BLI,2016,0.19596012460575984
FCA,2016,0.17791197897329034
SJT,2016,0.2256860325260649
MKE,2016,1.5239483038629376
YUM,2016,0.25246508017491054
LAS,2016,6.312174472921429
ACT,2016,0.24502679737294977
SDF,2016,0.5773830835197394
RKS,2016,0.2055918861435893
SGU,2016,0.2761768210254936
HOB,2016,0.20450530181150034
STT,2016,0.17791197897329034
SMF,2016,1.8028419230668977
AEX,2016,0.30401900971179147
GFK,2016,0.2536197176042746
MVY,2016,0.18739357110756455
EUG,2016,0.32707017457553433
BUR,2016,1.048710010692994
TTN,2016,0.33016760602843315
ORF,2016,0.6268091520043724
JMS,2016,0.4576575733939118
COD,2016,0.223651916986617
ISN,2016,0.2517285469943741
EWR,2016,4.951971953256012
SIT,2016,0.17791197897329034
LRD,2016,0.2739574227205991
STL,2016,2.426197850378573
HIB,2016,0.3466078753391189
RDD,2016,0.21744184152479432
BTV,2016,0.340894007440252
ESC,2016,0.20695131018442173
DFW,2016,10.783063197468916
VPS,2016,0.3643741283135231
ISP,2016,0.3561189580399015
CPR,2016,0.24602404474970627
BOS,2016,5.046135977802896
DSM,2016,0.506444591354635
BZN,2016,0.3688207674215495
LAW,2016,0.2318351681318678
SEA,2016,5.774541707957381
LAR,2016,0.20416595153178602
SFO,2016,7.789431567589894
SRQ,2016,0.3155860486377574
OAJ,2016,0.2332755649562007
IDA,2016,0.29441491310017665
MLU,2016,0.3150595638399574
PSP,2016,0.5948888753547475
SPS,2016,0.21797596249725065
ASE,2016,0.3687478522140406
PSC,2016,0.3488296297705835
TXK,2016,0.21835437084222312
CWA,2016,0.2132175675335902
DAB,2016,0.2629535251564613
GSO,2016,0.4314280659587747
ABI,2016,0.18552744691586126
OTH,2016,0.18994835096016932
SGF,2016,0.29826930848205846
ABY,2016,0.2216269617588507
FAT,2016,0.5222197029253112
MQT,2016,0.21039409132817052
EYW,2016,0.2542168740750324
GGG,2016,0.19598097744572593
JAN,2016,0.40545577770561364
PHL,2016,3.197320412232922
ITH,2016,0.21980098230180745
DLH,2016,0.29122655397509667
RIC,2016,0.8254447691122007
CMH,2016,1.104299466948347
BIL,2016,0.33553703495740245
MSO,2016,0.30337943585259314
MRY,2016,0.2747127331578694
CMX,2016,0.20920763927301606
TRI,2016,0.27219149773536294
TUL,2016,0.7702543205196456
PSE,2016,0.17791197897329034
MSY,2016,1.9181407663706391
LIT,2016,0.5248192559471264
ICT,2016,0.5095765836202562
BRD,2016,0.20907143410115533
ELM,2016,0.26270058819123204
CHA,2016,0.3794974386465432
SJU,2016,0.17791197897329034
IAD,2016,1.5394880290492101
ILM,2016,0.2844010423818378
MOB,2016,0.3922968571767159
CSG,2016,0.23179222222695012
MCI,2016,1.929913638431841
DCA,2016,3.2440796563544123
MGM,2016,0.2848701559961726
GRK,2016,0.26346680249692717
FNT,2016,0.3376987678299482
MEM,2016,0.7646197187799152
SCE,2016,0.17791197897329034
RST,2016,0.23508065233058514
BWI,2016,4.107209437762434
MSN,2016,0.5118756178978665
CHO,2016,0.2799701954142721
PBG,2016,0.19527430958700492
HPN,2016,0.4716850402809515
GPT,2016,0.3172260144122967
EKO,2016,0.21007333004674217
TLH,2016,0.2912170428746232
AMA,2016,0.29846609690474823
GCC,2016,0.22459169973447896
VLD,2016,0.22276128266945408
LFT,2016,0.3127138178732474
LSE,2016,0.21471908534308093
ABR,2016,0.21408615891079616
BFL,2016,0.280833960024169
MAF,2016,0.4094059350291934
MBS,2016,0.2670108752518064
CAE,2016,0.3688277657200361
SUN,2016,0.23289716703173516
DEN,2016,11.013019653384827
JFK,2016,4.32266949348503
PLN,2016,0.3041754059678931
LEX,2016,0.4019835866355538
BPT,2016,0.2036437464314184
MIA,2016,2.9520138724202383
HYA,2016,0.18276468481540944
HSV,2016,0.3555674001182455
LGA,2016,4.187386095330615
BRO,2016,0.26852108387157825
AVL,2016,0.32398165584294825
PWM,2016,0.42956536802200745
CRW,2016,0.2896471331317629
LGB,2016,0.6275881085907223
MHT,2016,0.4338078876730104
ALB,2016,0.5445503030119294
MDW,2016,3.7061263246205787
CID,2016,0.37586896940541253
FAR,2016,0.3572116977049661
DVL,2016,0.32763760596238106
MOT,2016,0.2535039130462655
OKC,2016,0.8300907478665052
FWA,2016,0.36385730868959826
HRL,2016,0.293818054432699
SBN,2016,0.4129267226233387
RHI,2016,0.3106439818049157
GEG,2016,0.6051090289679456
UST,2016,0.17791197897329034
EGE,2016,0.2506377078151684
ABQ,2016,0.9373858164930824
BJI,2016,0.21345323247851145
IMT,2016,0.2702807109920065
MCO,2016,5.4446745946202295
BOI,2016,0.7988182069952284
CRP,2016,0.2976956372401935
EAU,2016,0.20711271119284314
ROW,2016,0.19591752272996996
MMH,2016,0.1825933286006633
LAN,2016,0.2882336725185769
SAN,2016,3.2758168635160168
PHX,2016,6.985205222678778
FAY,2016,0.25212274316314914
RDU,2016,1.5818079343849933
MTJ,2016,0.22454093673604747
SBA,2016,0.4132827616658485
ONT,2016,0.9580026207574949
CHS,2016,0.7615119650668778
TWF,2016,0.23288007257634555
ORH,2016,0.20631449916282812
XNA,2016,0.42744179989310793
ECP,2016,0.3622252437049657
HLN,2016,0.2587011641722925
RNO,2016,0.7389210573041215
GCK,2016,0.1983037971164408
PGD,2016,0.18347798585266745
BMI,2016,0.24643815753493212
LNK,2016,0.3133301540759178
SBP,2016,0.30011122351975095
AGS,2016,0.293126249511083
MHK,2016,0.1779592800164118
CHO,2017,0.27633710247748877
ALO,2017,0.19863073023868774
FAR,2017,0.318703299597438
MKG,2017,0.20788734412913099
JFK,2017,4.369020874304042
PBI,2017,1.2089215777918547
HYS,2017,0.20372830110909879
MOT,2017,0.24742362187524325
PHL,2017,3.34081671452748
DRO,2017,0.23163044867402724
TPA,2017,3.066156574359504
EUG,2017,0.34530554363530125
ANC,2017,0.1769555897922534
MCO,2017,5.853999084968105
SDF,2017,0.5927778377487248
LNK,2017,0.3120547058569298
LAX,2017,9.164849394531448
CRP,2017,0.28869777220695647
LWS,2017,0.21502173880969133
GRK,2017,0.24302935845195267
SUN,2017,0.23544406903106552
PSP,2017,0.5712540606967202
MCI,2017,2.037556629022994
ILM,2017,0.2642276533172506
FCA,2017,0.1769555897922534
ITO,2017,0.1769555897922534
ACY,2017,0.32560090186190693
OTH,2017,0.18924371312024316
SAN,2017,3.5793533498339474
SJU,2017,0.1769555897922534
MGM,2017,0.25106197842613326
TOL,2017,0.187449473856172
GRI,2017,0.1931052573495015
JMS,2017,0.45983607406522553
RDU,2017,1.6563493775173317
PDX,2017,2.7175085726362567
BFL,2017,0.26625213914759965
PBG,2017,0.19668862322494304
BZN,2017,0.40385368818121503
MIA,2017,2.984417039367674
MFE,2017,0.2762173630491409
ABI,2017,0.1791098006568603
AVL,2017,0.3377346966199623
FSD,2017,0.37864723333271977
SAF,2017,0.24553337028343683
TXK,2017,0.18068243615161833
MLI,2017,0.3125430135302083
ONT,2017,1.0220305507232945
CMH,2017,1.162592760098053
CPR,2017,0.21694057572602563
MSO,2017,0.2929207937601075
ORH,2017,0.20545009992239446
PIA,2017,0.3094375569808537
RAP,2017,0.3250801629416582
GTR,2017,0.2200380639646184
ITH,2017,0.22169341714532226
SIT,2017,0.1769555897922534
ASE,2017,0.4041217643172788
CMX,2017,0.21027023483360158
IAH,2017,6.646358889881752
SBP,2017,0.317573316228553
PLN,2017,0.29522028478885737
BJI,2017,0.21179195756992894
MLU,2017,0.2809036851804646
HDN,2017,0.2192854956486944
MTJ,2017,0.20869545449787866
SNA,2017,1.909428145158868
LBE,2017,0.22555802434195749
HNL,2017,0.1769555897922534
CLL,2017,0.238971265655049
TWF,2017,0.23439023228566688
MHT,2017,0.4180859433235908
CAE,2017,0.3482309398084734
BNA,2017,2.45344189456293
CLE,2017,1.634186970547904
DEN,2017,11.120560780642926
LRD,2017,0.26694641715387274
SGU,2017,0.3054390391176523
CDC,2017,0.20844989369379893
BPT,2017,0.17730342878579414
BQN,2017,0.1769555897922534
DAB,2017,0.2659540872767069
MHK,2017,0.22143542114221687
PSE,2017,0.1769555897922534
RHI,2017,0.22082636994000135
BTV,2017,0.314539956555921
SPI,2017,0.22993037135435876
BLI,2017,0.2039921344168123
DFW,2017,10.472066166378614
STX,2017,0.1769555897922534
LIT,2017,0.502593607751225
HYA,2017,0.1808502569439599
HOU,2017,2.438343607031116
SGF,2017,0.29852729236672976
BOI,2017,0.8569822210748408
PIH,2017,0.22662868916254114
GSP,2017,0.4616826905621487
CKB,2017,0.18188024876963876
MSP,2017,7.520927359112836
IND,2017,1.3027814432478944
ACV,2017,0.22535591980894035
LAS,2017,6.466386552641031
EKO,2017,0.21016868395487853
TUL,2017,0.786318835048086
AGS,2017,0.273074906713182
SBN,2017,0.41904330710741744
ABE,2017,0.27589234194927836
KTN,2017,0.1769555897922534
LAN,2017,0.2957092481109871
SCE,2017,0.1769555897922534
COU,2017,0.20508913612632473
COD,2017,0.2238879535350742
JAC,2017,0.33724128873954085
KOA,2017,0.1769555897922534
YUM,2017,0.2323906045056223
MVY,2017,0.1865482353267296
ALB,2017,0.5585501678422206
EAU,2017,0.2079331689503709
LGB,2017,0.8416040296798756
RIC,2017,0.8432726889419314
ATW,2017,0.3035531192408025
IMT,2017,0.2160830753854116
FAT,2017,0.5293044970065269
CRW,2017,0.26840122473761596
BQK,2017,0.20814081168271
BIL,2017,0.3324463247482806
DLH,2017,0.2980182078142351
GFK,2017,0.24063857848074074
RST,2017,0.3071568606211451
SMF,2017,1.9952675350407019
JNU,2017,0.1769555897922534
CID,2017,0.4192526875615156
AMA,2017,0.3004241871323106
AZO,2017,0.28730074737779354
FAY,2017,0.2349997600161094
PVD,2017,0.7170312984016368
UST,2017,0.1769555897922534
FWA,2017,0.4298850357469872
APN,2017,0.2505462606342207
MRY,2017,0.28109975009480603
HIB,2017,0.21816727713068793
ABQ,2017,0.9617249205950984
RKS,2017,0.20574160900012559
PSC,2017,0.3487869553265145
SPS,2017,0.19052131054034177
ATL,2017,19.171573322979153
BTR,2017,0.4777718758366747
AEX,2017,0.2617068644615879
CGI,2017,0.2541599601134603
GSO,2017,0.41807308073575267
OMA,2017,1.0112419594782
ABY,2017,0.20494117186446942
SUX,2017,0.17834694576641633
DAY,2017,0.431302170388265
STS,2017,0.22165840331322526
SEA,2017,6.090916453039465
SWF,2017,0.23416380922963342
CHS,2017,0.7472590571814254
PIT,2017,1.3450625002772836
PAH,2017,0.20807064341409032
GNV,2017,0.24338191503290854
CSG,2017,0.2144048952705329
SYR,2017,0.449023896930388
EWN,2017,0.1970547356927499
ROC,2017,0.4938215925315901
HLN,2017,0.2584329276591206
BRD,2017,0.20750900087560903
ACT,2017,0.193800935336583
BTM,2017,0.21102807908541835
PIB,2017,0.3423400048631746
SJT,2017,0.208261099210919
FAI,2017,0.1769555897922534
MDW,2017,3.7558965269329496
LGA,2017,4.137874915378666
STL,2017,2.5481155003097715
GEG,2017,0.6779366174154243
BHM,2017,0.6644162907661489
VLD,2017,0.20701417794389287
EVV,2017,0.27836352042611706
BUR,2017,1.1696413228580023
SRQ,2017,0.3148237035368535
MLB,2017,0.24432828737351495
MMH,2017,0.18118357203164784
CLT,2017,4.8987172981900695
DHN,2017,0.23369286487908153
FNT,2017,0.3584372924716309
ISP,2017,0.37841161993039774
SAV,2017,0.5080100329657222
FLG,2017,0.23062182956190364
PWM,2017,0.4201647507959298
JAN,2017,0.3807264094584895
GJT,2017,0.29386961079336393
MSY,2017,2.0946197673590987
MBS,2017,0.29958710657375925
TYR,2017,0.18262039625848805
ACK,2017,0.20339374692293483
BWI,2017,4.371277176759563
RNO,2017,0.8183933709882004
XNA,2017,0.404368839580062
GRB,2017,0.3766878276109559
PNS,2017,0.40653927398478296
CAK,2017,0.4362293906723702
OKC,2017,0.9599721998603662
TRI,2017,0.25180913539926025
FLL,2017,4.054307923855373
IAD,2017,1.7499177451894967
IDA,2017,0.29087859425423823
IAG,2017,0.20174992624890112
BDL,2017,1.0723937807034076
MEM,2017,0.798212656809904
ABR,2017,0.21183987554486383
ORF,2017,0.6514974505734604
CVG,2017,0.9667075729395557
HPN,2017,0.4639778871417634
CHA,2017,0.3556865066148118
MSN,2017,0.6009506015121241
LAR,2017,0.20364262843288486
ORD,2017,14.181975770085536
MOB,2017,0.3518528236114142
UIN,2017,0.28643567180773244
OAJ,2017,0.21422463387232224
GCK,2017,0.18624786004827004
TVC,2017,0.32360334510352795
PUB,2017,0.17914024303570794
JAX,2017,0.8850472503267985
LEX,2017,0.41456535442510456
ELP,2017,0.6225684117985029
ECP,2017,0.3636154896585137
PHF,2017,0.22242652749091074
HRL,2017,0.275372877260014
MEI,2017,0.35624246080231725
BRO,2017,0.22456177232722135
MKE,2017,1.457015130129454
MQT,2017,0.2196726035870657
INL,2017,0.2158932786282134
GCC,2017,0.22177682388582917
GUC,2017,0.18528648370566603
RSW,2017,1.4627906630628227
STT,2017,0.1769555897922534
HOB,2017,0.20520046396848235
RDD,2017,0.22000047563904085
ELM,2017,0.19338189129300215
LCH,2017,0.23308840419880317
MYR,2017,0.5306199348360722
SJC,2017,2.1312423727293535
PGD,2017,0.19223241157387608
DAL,2017,3.060938701286353
ROA,2017,0.24607949362421286
BGM,2017,0.21848760491788322
ESC,2017,0.20676485871306854
TLH,2017,0.27033099406541294
SAT,2017,1.5516870306952242
TYS,2017,0.4704550766224271
DCA,2017,3.2234873760024456
DVL,2017,0.3300696273683329
AUS,2017,2.349358801946276
AVP,2017,0.25647162419477204
TUS,2017,0.8320744648322813
MFR,2017,0.32230773026980886
OAK,2017,2.162779367125344
VPS,2017,0.34028518643435224
SBA,2017,0.390766812323239
WYS,2017,0.1886838056913842
BMI,2017,0.2749941177432331
LAW,2017,0.21233578456382476
EGE,2017,0.23987670045395817
ERI,2017,0.2484329562654954
LSE,2017,0.26292169563181267
SLC,2017,6.575481889405959
LBB,2017,0.34779098829686117
IFP,2017,0.18977920813421484
DTW,2017,7.0871660245297665
MAF,2017,0.39251684150318533
RDM,2017,0.33799412652057814
ISN,2017,0.2309289222802196
ROW,2017,0.1963870214112172
CIU,2017,0.2093047915095856
BUF,2017,0.8918939834234844
ICT,2017,0.5370345002668968
LFT,2017,0.29481434988824234
SHV,2017,0.402115216595879
HSV,2017,0.354050679424251
TTN,2017,0.34025681480820613
PHX,2017,7.193349894753343
EYW,2017,0.2474377964926501
SFO,2017,7.9773727357914375
BIS,2017,0.2804790391690938
LIH,2017,0.1769555897922534
OGG,2017,0.1769555897922534
CWA,2017,0.23062087301429157
MDT,2017,0.31530185712824405
DSM,2017,0.5368478255620028
BGR,2017,0.20940615381790928
GPT,2017,0.2826383519508073
GTF,2017,0.25457270044282887
EWR,2017,5.116729872776131
BOS,2017,5.340274947365241
JLN,2017,0.18634724261785307
FSM,2017,0.22503823651750274
GRR,2017,0.6563197287914356
COS,2017,0.5837960319704453
GGG,2017,0.17735312007058562
SWO,2017,0.17699435642938294
FNL,2017,0.1769555897922534
STX,2018,0.17631798471929502
CRP,2018,0.38737590832700297
DCA,2018,4.997622904488985
BNA,2018,2.8160411339726434
FSD,2018,0.44114601103251266
RKS,2018,0.20464470254656308
MQT,2018,0.2301926606885271
PHL,2018,4.635036129063154
TRI,2018,0.3008181132180708
JAC,2018,0.3466436641748433
TWF,2018,0.23296949112659923
GTF,2018,0.2540153645144386
ROA,2018,0.28396607414571495
BTV,2018,0.5157187841773195
YUM,2018,0.22485525956892197
CMX,2018,0.2041062286526765
FAY,2018,0.31764888774498357
TXK,2018,0.22879017674644045
DEN,2018,11.421558916082631
LAX,2018,8.563579760347709
HYS,2018,0.368643694932047
PDX,2018,2.417718216436002
RNO,2018,0.8401290308570712
INL,2018,0.20365757874198157
CLT,2018,10.107217343851836
MCI,2018,2.2154582695509877
OAK,2018,2.043903254006103
DRT,2018,0.18119315170470215
BQN,2018,0.17631798471929502
PVU,2018,0.19273215866434268
PSE,2018,0.17631798471929502
SBA,2018,0.43731659762541414
LFT,2018,0.3496032248866388
FLG,2018,0.21837400077132477
GRB,2018,0.36712233562332325
ISP,2018,0.3771630985862182
AZA,2018,0.17631798471929502
MTJ,2018,0.23517823596470608
JMS,2018,0.45786861368017967
LCK,2018,0.2625025411947099
PHX,2018,7.123448752728416
MEI,2018,0.3542766290159255
STL,2018,2.531694015102068
ORF,2018,0.9895149362620536
COD,2018,0.21163670487683106
IAG,2018,0.24596912157503642
RFD,2018,0.23528775724628137
MBS,2018,0.2885765901891163
ANC,2018,0.17631798471929502
DBQ,2018,0.21504497108501613
RDD,2018,0.2179269767399749
ONT,2018,0.9480382816917534
PVD,2018,0.8301364736766984
CID,2018,0.5669988114981327
TTN,2018,0.26957578032500745
JAX,2018,1.3013101010817159
LIH,2018,0.17631798471929502
CHA,2018,0.5083345142770248
FAR,2018,0.4150106279781439
SFO,2018,7.067537598516855
MSY,2018,2.1619350217766033
RST,2018,0.30479948447787053
AVP,2018,0.301200623105244
WYS,2018,0.1869928068513606
ABR,2018,0.20765336556068195
UIN,2018,0.30686556915783936
LAN,2018,0.31614060962256374
CKB,2018,0.2152069737448457
GSP,2018,0.6930637524726412
CAE,2018,0.4227609144350794
BDL,2018,1.166512591981661
GCK,2018,0.20757892389765162
SLN,2018,0.31329922122605186
GSO,2018,0.657104842848603
ACV,2018,0.2288282781464305
SAT,2018,1.6154951537302675
FLL,2018,3.835852673351431
PHF,2018,0.2729494665864357
GUC,2018,0.1855472404552849
CYS,2018,0.1787983328346776
VLD,2018,0.21363515223857776
CPR,2018,0.21957729945123522
SUX,2018,0.22366743099733835
RHI,2018,0.20677008636917976
BIL,2018,0.34867942867001234
OGD,2018,0.1800225499074268
TYS,2018,0.839034247285908
BOS,2018,5.372000994045056
GRR,2018,0.8854947517715067
MRY,2018,0.3147571486905704
EYW,2018,0.3436309116599522
FNT,2018,0.3791009658850616
LAW,2018,0.23370810835452657
OAJ,2018,0.2881176484697806
IMT,2018,0.203026147703084
TYR,2018,0.23798457062242734
MSO,2018,0.3173033035967454
DAL,2018,2.6995851749418756
ECP,2018,0.3712901799910359
GJT,2018,0.33125998663469014
ICT,2018,0.5848175139110342
SPI,2018,0.25905155983385175
MFE,2018,0.36308662498912325
JFK,2018,5.069015599325307
GTR,2018,0.21298865655489427
ABE,2018,0.39742416987754975
BOI,2018,0.9075519821294982
FAI,2018,0.17631798471929502
EKO,2018,0.20521593417304582
ACK,2018,0.20844174827220374
HOU,2018,2.2555821404974967
OKC,2018,1.0590449956520018
ABY,2018,0.21288090727428036
LAR,2018,0.2023535709575929
BFF,2018,0.20018741018256642
FAT,2018,0.5918893349060322
SAF,2018,0.23449031573781087
CIU,2018,0.20388803162614794
KTN,2018,0.17631798471929502
AGS,2018,0.3410675986995698
ABQ,2018,1.0549548297124771
KOA,2018,0.17631798471929502
MMH,2018,0.18168578541423372
CGI,2018,0.2711077689771051
BTR,2018,0.46414282329284334
CNY,2018,0.1938138986714312
SEA,2018,5.479926982982101
RIC,2018,1.0203081303711556
GPT,2018,0.34456412724756863
EWN,2018,0.2551903013063862
ELM,2018,0.21324388639239777
BWI,2018,3.962587328786024
RSW,2018,1.3438840289825937
TVC,2018,0.3293265297712647
ESC,2018,0.20116242898023157
HHH,2018,0.17631798471929502
PSM,2018,0.21176973180382902
LBB,2018,0.41247029892588677
FCA,2018,0.17631798471929502
JNU,2018,0.17631798471929502
AEX,2018,0.3058337019706149
ROW,2018,0.2322292525559108
HLN,2018,0.25467807174466733
ISN,2018,0.2340100880258366
LWB,2018,0.24326262757196973
OWB,2018,0.19047865512262854
BMI,2018,0.3168465161597376
SYR,2018,0.6875079856240875
ABI,2018,0.2627880517762522
LRD,2018,0.2730334831950571
PIE,2018,0.9362213884170553
MEM,2018,1.0293414007789277
IDA,2018,0.2675832973074685
BIS,2018,0.3324417994042559
EAR,2018,0.1846493723155503
RDM,2018,0.31751817975642316
BGM,2018,0.21282695360505993
TLH,2018,0.39856186624914025
CHO,2018,0.3765493672670319
IND,2018,1.9969907798569178
SAN,2018,3.4414042662766358
VEL,2018,0.18964820487330353
BRO,2018,0.2780191131284866
ALO,2018,0.2023022956901504
AVL,2018,0.5136697707269516
PAH,2018,0.20391432089070566
MOB,2018,0.4208859405602769
BZN,2018,0.40984791790991587
ERI,2018,0.2167104730760481
ASE,2018,0.4483230801975755
JLN,2018,0.21074350597589842
BPT,2018,0.21271067861913295
HNL,2018,0.17631798471929502
SMF,2018,1.8723438904851437
LGB,2018,0.7773122751920999
RAP,2018,0.3508435924993619
HOB,2018,0.20065532793496793
SLC,2018,5.881521232714008
SIT,2018,0.17631798471929502
SHV,2018,0.43516225736679187
SAV,2018,0.7530980523110843
ORH,2018,0.2092539481478259
SMX,2018,0.18212871372477754
SJU,2018,0.17631798471929502
SBP,2018,0.35152072284433944
LBE,2018,0.21763674087319654
BKG,2018,0.17631798471929502
GNV,2018,0.33784008744226635
DSM,2018,0.8010578752673337
HDN,2018,0.2118168130930241
ATL,2018,16.375756830517282
ATW,2018,0.358563035986134
ITO,2018,0.17631798471929502
PNS,2018,0.5901902198561528
MLU,2018,0.2933949003491734
LAS,2018,6.430583650406141
SDF,2018,1.0369801370547573
CLE,2018,1.9109495325487642
CHS,2018,1.0081520722569692
COS,2018,0.5788796198499606
MAF,2018,0.5002897995875462
SCE,2018,0.17631798471929502
MSN,2018,0.6802007047017251
CDC,2018,0.20409932097931502
TUL,2018,0.8305032976235158
PIH,2018,0.23268461873882113
OGS,2018,0.17631798471929502
SWO,2018,0.21040138899446625
IAD,2018,2.869886506946881
MGM,2018,0.3308403756684182
FLO,2018,0.1826498991227213
PIB,2018,0.3700763648841453
APN,2018,0.24706543462347935
LCH,2018,0.25243145926058214
BLV,2018,0.25478056605826727
HIB,2018,0.20260605589495512
STS,2018,0.229079617015063
SGF,2018,0.540063155032632
MDT,2018,0.4537210204525667
BGR,2018,0.34223540971514665
HGR,2018,0.19354110923200962
HVN,2018,0.21067243023764548
CMI,2018,0.2701548363362888
BLI,2018,0.2527059995508164
OTH,2018,0.18972938503407075
FWA,2018,0.4858520549106723
SBN,2018,0.4787942904216814
MHT,2018,0.5019645810641429
PRC,2018,0.1854176288843662
ACY,2018,0.2948121245610586
SWF,2018,0.26901122100593455
CMH,2018,1.7880482439279686
IFP,2018,0.17790532292295289
VPS,2018,0.5178067080887603
DAB,2018,0.30444553765369675
STT,2018,0.17631798471929502
SUN,2018,0.22823529975952947
LEX,2018,0.6073522797437204
LYH,2018,0.21557585402053836
USA,2018,0.17631798471929502
MFR,2018,0.35250127451544927
EUG,2018,0.32635446508393773
MCO,2018,5.182794535444708
DLH,2018,0.2895129283558803
SGU,2018,0.30774488164335945
CVG,2018,2.044442546234649
SNA,2018,1.707688923503124
XNA,2018,0.6666743366537373
BHM,2018,0.8333877875221426
MLB,2018,0.265328103761416
LIT,2018,0.6820467488996661
MLI,2018,0.39570385553861176
ALB,2018,0.6124793552704181
EGE,2018,0.2602811769941507
GRI,2018,0.21651805316215877
MKG,2018,0.20395270244309988
BTM,2018,0.20655587000552253
ILM,2018,0.40932818566350476
BUF,2018,1.0781503826502616
PSC,2018,0.2917949925919785
EAU,2018,0.20395270244309988
COU,2018,0.266625058072399
GFK,2018,0.26463933941387946
BQK,2018,0.21359923581170645
MHK,2018,0.25125499569558496
SFB,2018,1.4251207720639034
PSP,2018,0.5869538194602009
SRQ,2018,0.3995857317945768
LGA,2018,6.433191831963012
ROC,2018,0.6966493666114227
MOT,2018,0.2809241706910249
PIT,2018,1.9474288420576318
SJC,2018,2.104860257338248
DVL,2018,0.3277398468446732
TPA,2018,2.8002935411506864
LSE,2018,0.26202767033302615
PGD,2018,0.7929153616169599
HPN,2018,0.5281422485906251
GEG,2018,0.6520935471963226
PBG,2018,0.2382860946449139
HTS,2018,0.2408298731628793
FSM,2018,0.25931499167040856
MSP,2018,7.82546845201995
DAY,2018,0.7192136531376441
OGG,2018,0.17631798471929502
IAH,2018,7.2985809738967244
CAK,2018,0.44578715238778177
BJI,2018,0.20744306099127663
CLL,2018,0.26900103289242844
CWA,2018,0.29012920399384584
ORD,2018,14.884663389462741
DRO,2018,0.30266794522183815
EVV,2018,0.36544348199244203
SPS,2018,0.221562955513688
SJT,2018,0.23759968901831627
SHD,2018,0.2554387219618721
OMA,2018,1.1144618657871932
ITH,2018,0.21536183374929435
HYA,2018,0.17936643897344492
MYR,2018,0.7238535220774187
GCC,2018,0.2110182140576984
AMA,2018,0.3784612422535672
ACT,2018,0.24444202864695774
JAN,2018,0.46829801683761585
TOL,2018,0.28457562206239834
GGG,2018,0.21065797673054043
CSG,2018,0.22218326183394774
BFL,2018,0.2629174382501473
EWR,2018,5.340040426937725
DTW,2018,7.309052399697507
MKE,2018,1.3685780380961476
LNK,2018,0.2489160574773242
DHN,2018,0.22566715524046407
MVY,2018,0.19245710340678213
GRK,2018,0.29771640561744506
AZO,2018,0.2877221897381168
MIA,2018,3.4032866819129697
HSV,2018,0.4959966419086651
PWM,2018,0.5895656894444271
PLN,2018,0.2889287042154199
BUR,2018,1.118281329334816
AUS,2018,2.4760614593262864
HRL,2018,0.29509804316755256
DFW,2018,13.942075449902315
PGV,2018,0.20827552917894085
LBL,2018,0.26458345270114175
PUB,2018,0.3059810684636596
BRD,2018,0.20311078686152778
PIA,2018,0.4115950556106604
SCK,2018,0.2010064025207845
MDW,2018,3.2385479687128313
RDU,2018,2.3112678125033077
PBI,2018,1.0670451790032418
LWS,2018,0.20834245111549174
LBF,2018,0.2000207824306414
ELP,2018,0.8018573658262366
CRW,2018,0.3419328777833234
TUS,2018,0.8794437947570649
ART,2018,0.17713661044843457
STC,2018,0.18459833296454306
YNG,2018,0.17655460221639707
BLI,2019,0.2371228655098786
GCK,2019,0.20666593263357474
AMA,2019,0.3683034560479536
EUG,2019,0.36462871307446576
LAW,2019,0.23185293290733475
VPS,2019,0.5700273500537659
CDC,2019,0.2100385240446729
AZA,2019,0.17645812999881785
AVP,2019,0.3090168700093233
MAF,2019,0.5251625730001581
TVC,2019,0.3482587083907594
ART,2019,0.1842431200731897
SMX,2019,0.1828663387571118
ORF,2019,1.038848099834944
PHX,2019,6.810216235827807
TTN,2019,0.27947464919384507
PNS,2019,0.6217315581546017
MHK,2019,0.25584546429723093
FSD,2019,0.46818006468741963
MIA,2019,3.3485142309193203
GJT,2019,0.3385880806681847
CMH,2019,1.833626953364508
GRK,2019,0.3106688278434456
MMH,2019,0.19664327285463282
MTJ,2019,0.24766419133127796
BTV,2019,0.5106084029824385
TXK,2019,0.22799396910921335
OTH,2019,0.1898631030552731
DAB,2019,0.2925723374674832
IMT,2019,0.20392302555239933
RST,2019,0.3124429844973129
BLV,2019,0.24859063459730296
PVD,2019,0.7964223442812118
GEG,2019,0.6273094729751195
LYH,2019,0.20881917073263195
PHF,2019,0.2645947763928227
LAN,2019,0.3023308932674949
ERI,2019,0.2227606859758276
PIT,2019,1.9483845758632306
DEN,2019,11.991642892516227
PWM,2019,0.5495288169974855
SJT,2019,0.25450878488340223
CMX,2019,0.20443750424511983
LCH,2019,0.25215542456526496
SLC,2019,5.897962604488545
LNK,2019,0.2659358265181095
ABY,2019,0.21177425101307656
HHH,2019,0.17645812999881785
TWF,2019,0.23015565733195587
PSM,2019,0.21424424750561827
DBQ,2019,0.21677456349383312
AVL,2019,0.5867012439373487
ELM,2019,0.2182271657152058
CPR,2019,0.22198276298905276
MFE,2019,0.3941661154657997
PDX,2019,2.330809629686391
MLU,2019,0.28537255267893485
PIB,2019,0.2726344468429108
TPA,2019,2.8053633113910017
MCO,2019,5.2534776827550695
GSO,2019,0.6987004771250965
CRW,2019,0.33457954850668575
MOB,2019,0.37505083609542733
MRY,2019,0.3250279001873718
LFT,2019,0.3703823221685259
EGE,2019,0.26563222351794985
MLI,2019,0.3751593795389471
UIN,2019,0.20195989415624893
MGM,2019,0.3125634424826068
STS,2019,0.2725576178020484
ORD,2019,15.155384224530243
DTW,2019,7.346147085230603
LAX,2019,8.312722048176678
SEA,2019,5.405551449480721
HDN,2019,0.21757102947341722
OWB,2019,0.18686238895967755
EWR,2019,4.929771782471205
ATL,2019,16.19770104495362
IND,2019,1.9600659995444645
YUM,2019,0.2434042310049928
CLE,2019,1.9158749702002282
BIL,2019,0.34386792382111825
GRI,2019,0.2209818893112366
MQT,2019,0.23230373030578627
PSE,2019,0.17645812999881785
BFM,2019,0.18256731407971594
EVV,2019,0.336927321381173
CLT,2019,9.744611082180281
FWA,2019,0.4785862751649062
USA,2019,0.17645812999881785
ABR,2019,0.20799130279016198
MVY,2019,0.19420008164829158
SBA,2019,0.44580334443392705
TRI,2019,0.29187215013067197
LBB,2019,0.4367200175339671
SJU,2019,0.17645812999881785
DCA,2019,5.182109990821496
BUF,2019,1.0180711112195242
SJC,2019,2.330787257893656
TUL,2019,0.8194033424451415
CRP,2019,0.39532488820828804
STC,2019,0.1826638252082195
RAP,2019,0.3790561420743079
STL,2019,2.555555756963099
SCE,2019,0.17645812999881785
SIT,2019,0.17645812999881785
ILM,2019,0.41678893951232737
SBN,2019,0.4727275963132089
OMA,2019,1.1295084969745681
KOA,2019,0.17645812999881785
SFB,2019,1.2617767717756183
SHV,2019,0.4452239314873481
FAR,2019,0.42139407521813904
VEL,2019,0.20220774932498786
BFL,2019,0.26749868406783583
AEX,2019,0.2980011957703635
COS,2019,0.5664318150303989
SFO,2019,6.629946984399638
BHM,2019,0.8626571632730355
MEM,2019,1.1105163007572756
RKS,2019,0.20665017566241
BFF,2019,0.20212548217059112
JMS,2019,0.4594410173617211
JNU,2019,0.17645812999881785
ACY,2019,0.2868018328139604
BGM,2019,0.2136787123410249
OGS,2019,0.17645812999881785
VLD,2019,0.21282846358066645
CID,2019,0.5662092057001189
PIA,2019,0.3772989205066732
SPI,2019,0.2563654981708725
CGI,2019,0.33620407289153875
BQN,2019,0.17645812999881785
LBL,2019,0.2727631453333336
RDM,2019,0.32180466848044276
JAX,2019,1.3649181459810953
DRT,2019,0.2064584614616327
ELP,2019,0.786460749300515
DAY,2019,0.6899558226652255
BKG,2019,0.17645812999881785
DVL,2019,0.32950611910399347
EAR,2019,0.2045178864196423
ABI,2019,0.2707330305292661
CYS,2019,0.1978276607088451
HOU,2019,2.280415238526142
SYR,2019,0.6988716755225106
PLN,2019,0.28975398270334063
SHD,2019,0.2029214547335991
LIT,2019,0.7075012372583063
LWB,2019,0.2014277800490328
FAI,2019,0.17645812999881785
MFR,2019,0.3214442478655194
SUX,2019,0.2292864339732591
RDU,2019,2.381723484068693
BQK,2019,0.2128987444185058
CSG,2019,0.22122702370246541
FLL,2019,3.750299847197234
SAF,2019,0.24718370001254528
BRO,2019,0.27907889092175275
CAE,2019,0.43847422563635663
DHN,2019,0.22477620601335116
XNA,2019,0.7158322931244624
ROC,2019,0.6936932863224012
SLN,2019,0.3469094249716879
FCA,2019,0.17645812999881785
HIB,2019,0.20277781822199317
PUB,2019,0.30913054720553707
SNA,2019,1.6357233447018542
GGG,2019,0.21542121608952755
FLG,2019,0.24757896105690325
IAG,2019,0.2403340047509361
SDF,2019,1.065645864029854
BNA,2019,3.059779279900549
GTR,2019,0.21806438599969594
RNO,2019,0.8893572244040548
MCI,2019,2.117091449006282
ASE,2019,0.43340209160872456
PGV,2019,0.17926441124796305
GTF,2019,0.25089740772217034
CKB,2019,0.21624097585743668
BOI,2019,0.8851417620606389
PBG,2019,0.24730213656038458
HLN,2019,0.2354338375710495
ALB,2019,0.6465935649073234
FAY,2019,0.30702956604963993
ABQ,2019,1.019256648054137
JAC,2019,0.3588857624578075
HTS,2019,0.22914584484394895
MSY,2019,2.1780087545501683
ICT,2019,0.5833368700042835
ANC,2019,0.17645812999881785
MEI,2019,0.2809723124933077
PAH,2019,0.37977959449375015
SAT,2019,1.622433968589588
GPT,2019,0.3490203334534692
ATY,2019,0.2372440850644157
ATW,2019,0.36094416368530896
LGA,2019,6.366869991805064
SGU,2019,0.27850137612756554
LAR,2019,0.20212548217059112
COU,2019,0.26935122927316857
RDD,2019,0.22432355392516742
JFK,2019,4.833911011808537
IAD,2019,2.9217571236828372
CVG,2019,1.9558433038566867
AZO,2019,0.26466779502652543
MSO,2019,0.3201589729263547
CWA,2019,0.2802591306984913
HSV,2019,0.5289494687914773
COD,2019,0.1955249085434843
SRQ,2019,0.49018330713051883
EYW,2019,0.37332409658450205
MDT,2019,0.44937818671198054
MYR,2019,0.7283147240719343
JAN,2019,0.47807417064351376
BOS,2019,5.334030398306889
BWI,2019,3.804086054607044
CAK,2019,0.396042359009991
CHO,2019,0.38246988428191414
STT,2019,0.17645812999881785
BTM,2019,0.2062926795644921
BIS,2019,0.3527850866930039
EAU,2019,0.20443750424511983
DFW,2019,14.741760225361261
SUN,2019,0.2334044371616325
DLH,2019,0.31238063421911283
ISP,2019,0.3595410001558345
HNL,2019,0.17645812999881785
BMI,2019,0.305821545548261
SMF,2019,1.9675484396008232
HGR,2019,0.1937089634221115
FSM,2019,0.2619531026168746
TYS,2019,0.8882783205210766
ROA,2019,0.29498889102165676
ABE,2019,0.4196390745786696
FAT,2019,0.6244666651458606
ECP,2019,0.4050082749619162
PSP,2019,0.6367055529880173
JLN,2019,0.23270017239630114
LAS,2019,6.347446535363251
PHL,2019,4.594082317563611
BDL,2019,1.1603814686345144
TLH,2019,0.4099658862271321
DRO,2019,0.3031477300776615
HYA,2019,0.17923698189548654
MSN,2019,0.7051247778885045
ROW,2019,0.2310288256550822
GFK,2019,0.26427376966898153
BGR,2019,0.3237518587500091
XWA,2019,0.17645812999881785
PVU,2019,0.19845902508406657
ALO,2019,0.20336137446641578
KTN,2019,0.17645812999881785
DAL,2019,2.7389598068649366
SCK,2019,0.2103844139984857
GSP,2019,0.7589546567092508
AGS,2019,0.3463947967348491
MHT,2019,0.44341951864514767
PIR,2019,0.2521127734107083
CNY,2019,0.20204321501619438
BZN,2019,0.4462129427613213
PSC,2019,0.29452920188046566
LRD,2019,0.2799505629458123
TUS,2019,0.9621923205729013
SWO,2019,0.21289006779183503
PIH,2019,0.22449307686231104
MOT,2019,0.2687004518370117
HOB,2019,0.20301047866825075
OAK,2019,1.9789941854357775
LGB,2019,0.7262627303182411
PGD,2019,0.7777132162774814
LSE,2019,0.2637402580683343
MDW,2019,3.033495717187886
BUR,2019,1.2742429308355623
DSM,2019,0.834228669896977
IAH,2019,7.327480062578147
CIU,2019,0.2039262174003847
LBE,2019,0.21872334631416468
GRB,2019,0.3785355010562642
AUS,2019,2.5302879413713066
RSW,2019,1.4016271186182108
CHS,2019,1.0630662108216078
SPS,2019,0.2286578768594279
GUC,2019,0.18573080324580804
IDA,2019,0.2643300852634021
MLB,2019,0.26834372965329395
STX,2019,0.17645812999881785
BTR,2019,0.46024014725351703
OAJ,2019,0.27762612946597015
EWN,2019,0.25955709123414744
SGF,2019,0.5229839427065186
ONT,2019,0.975293835710178
SWF,2019,0.26028379398978024
TOL,2019,0.27850625813203894
BRD,2019,0.20319826052587767
MKE,2019,1.2729195444975816
HRL,2019,0.33518004900444526
CMI,2019,0.28875570867992373
MSP,2019,7.888776110219452
SBP,2019,0.3641619034562975
MBS,2019,0.27700433184670337
ACK,2019,0.21571752927130206
BJI,2019,0.20765494894705427
PAE,2019,0.23596842891402747
RIC,2019,1.0584054453797453
MKG,2019,0.2043990710387375
HPN,2019,0.5877156934879556
HYS,2019,0.39187865618172385
SAV,2019,0.8199004278698298
OGG,2019,0.17645812999881785
HVN,2019,0.21223987458566632
LEX,2019,0.5548761839344336
LIH,2019,0.17645812999881785
PBI,2019,1.0883965370565778
ITO,2019,0.17645812999881785
ISN,2019,0.20306757456876184
ACT,2019,0.25114775189794164
ITH,2019,0.21519174398085902
LWS,2019,0.22008620100327503
ESC,2019,0.20074086900077964
PIE,2019,0.7741605847252332
ORH,2019,0.218744826448777
GCC,2019,0.20821325159594742
BPT,2019,0.2179938586216085
WYS,2019,0.18809228226667316
GRR,2019,0.9377140803303525
ACV,2019,0.2470436496235273
APN,2019,0.24398448523528393
LBF,2019,0.20216661574778944
RHI,2019,0.21034577969191562
OKC,2019,1.06457613859082
CHA,2019,0.5124894642390412
TYR,2019,0.24145398862495057
RFD,2019,0.2329595374108808
EKO,2019,0.20624861080590176
SAN,2019,3.4513369658969344
FNT,2019,0.3451284336078637
CLL,2019,0.2647072548785482
PRC,2019,0.204254043046111
LCK,2019,0.2518633408541972
INL,2019,0.20370279129053917
GNV,2019,0.3620247880672264
LIT,2020,0.7011870569006192
CAE,2020,0.4519831083626448
LGA,2020,4.124716576343319
ILM,2020,0.4332655462418978
HNL,2020,0.17673684851930618
STT,2020,0.17673684851930618
HIB,2020,0.2160798621180525
BHM,2020,0.8415805336900543
LFT,2020,0.3709668981773538
LYH,2020,0.22402248377315276
DEC,2020,0.21416393748597146
CHS,2020,1.0545921357230794
DCA,2020,3.960720553445609
VEL,2020,0.2297292625375797
WYS,2020,0.1920194419191637
GUC,2020,0.21251105633220746
CSG,2020,0.22941722603207532
CRP,2020,0.3973418874602131
EUG,2020,0.46271932318077597
PVU,2020,0.1992846314448462
BOS,2020,4.324936808015136
DEN,2020,15.502399584339019
SBP,2020,0.4137901951154536
GRB,2020,0.3896023956321547
PUB,2020,0.2678606156184933
SAN,2020,3.2176097645259087
IND,2020,1.952145888098401
VLD,2020,0.22503680076843158
ACT,2020,0.24897208481414065
KTN,2020,0.17673684851930618
ITO,2020,0.17673684851930618
DBQ,2020,0.20698554291594706
IAD,2020,2.9008256227027336
HHH,2020,0.17673684851930618
CVG,2020,1.8211284410526447
RSW,2020,1.8915888281286968
PIA,2020,0.3936391023669702
HYS,2020,0.30534067085791305
CWA,2020,0.27669483082650465
SHR,2020,0.24698583000806193
FLG,2020,0.28028473570475176
SIT,2020,0.17673684851930618
RIC,2020,0.9096187561345911
HLN,2020,0.2523596247994533
FNT,2020,0.3747009194862725
RDM,2020,0.4236744365590216
MSO,2020,0.3736701937074061
BUR,2020,1.1424548105909036
DAY,2020,0.6253518973292508
MDT,2020,0.44681035618254
JAC,2020,0.43341406721175896
HSV,2020,0.5217873166765651
MTJ,2020,0.30381413279026015
BFL,2020,0.29874730287134826
LAR,2020,0.21743858392120283
LWS,2020,0.22311619718496092
EWR,2020,3.9856352474715453
ALO,2020,0.20530505989391143
GTR,2020,0.22889849146138055
SYR,2020,0.5872751692022188
PRC,2020,0.22072203070991636
SLC,2020,7.038450419357446
CPR,2020,0.276582114174029
SWF,2020,0.23567230429809774
STX,2020,0.17673684851930618
CMX,2020,0.22845176908165127
CYS,2020,0.18659112992302984
MSP,2020,7.6561203998114165
HPN,2020,0.3960702259129372
DFW,2020,16.98368495196515
LAN,2020,0.2910594914906868
GNV,2020,0.36317358889337614
FAY,2020,0.33551415754564934
CMH,2020,1.7081501914100363
IMT,2020,0.22186295384189234
SCK,2020,0.20800872386371488
JAX,2020,1.1776640103887046
BLV,2020,0.2792413152628206
GSO,2020,0.5985130187995101
AVP,2020,0.29600154652796473
CLE,2020,1.7286340195747054
LCK,2020,0.27001466172422406
SHD,2020,0.22125797178181283
MEI,2020,0.2157863998059187
CGI,2020,0.2163568091184317
DRT,2020,0.204696753278236
LNK,2020,0.25726020021739754
ABY,2020,0.22088692420287417
PIH,2020,0.23394690468138155
PVD,2020,0.6926174187472629
MFR,2020,0.4311125077030937
EYW,2020,0.48407037378234186
SPS,2020,0.22588049288382506
SNA,2020,1.5419836994162002
BRD,2020,0.21627889928634286
SMX,2020,0.1840508583754284
GRK,2020,0.3133601510902513
SPI,2020,0.2538844851766737
ORF,2020,0.9758460250546375
ABE,2020,0.4292858532511014
BTM,2020,0.21919587974760618
MCI,2020,2.0387666382984824
EVV,2020,0.34508595938044967
SAF,2020,0.2639808007449297
CLL,2020,0.2695974520124799
RHI,2020,0.22231636005781988
PSE,2020,0.17673684851930618
JAN,2020,0.4636569308677085
PHF,2020,0.24806874072526444
MAF,2020,0.5530274894648707
MSY,2020,1.9772882142124564
TLH,2020,0.41726664676463937
GCC,2020,0.2332919681244806
OAJ,2020,0.3180832930612534
MFE,2020,0.38682848401989406
BGR,2020,0.308832209713897
MCO,2020,5.615046432852239
CHO,2020,0.35275763385469894
RDU,2020,2.065735126358429
LIH,2020,0.17673684851930618
SJT,2020,0.2571297982026282
CMI,2020,0.26955123536025405
SWO,2020,0.21245973859953898
FAR,2020,0.49397117973261434
IPT,2020,0.1809177701918132
AGS,2020,0.36690997616145915
FCA,2020,0.17673684851930618
ITH,2020,0.20710708203401967
MDW,2020,3.4074218033569004
AMA,2020,0.38661357782666717
CKB,2020,0.23229786845898442
DDC,2020,0.2122293174448508
INL,2020,0.21621255356357943
TPA,2020,3.056917827983492
BIL,2020,0.3937851639357087
OTH,2020,0.19544872317654505
HOB,2020,0.20123749689243148
BKG,2020,0.17673684851930618
BQK,2020,0.222788950962088
MHK,2020,0.23832599640403276
VCT,2020,0.18206769989163288
PAE,2020,0.21546970889916056
CNY,2020,0.23436225921952966
CID,2020,0.584134228331043
MMH,2020,0.1932414411970331
STS,2020,0.29214968396316837
HGR,2020,0.1981738272797931
CHA,2020,0.48227822634996076
PGD,2020,0.9794809175190046
ACV,2020,0.24603573777055995
TXK,2020,0.22739361714136716
SHV,2020,0.4616819883049532
HYA,2020,0.1780131426609232
LWB,2020,0.21303831897301018
ALS,2020,0.18396036469984756
COU,2020,0.2623931219942293
BWI,2020,4.125350275530073
ABR,2020,0.22357692879032615
MSN,2020,0.6693331707236833
TOL,2020,0.26701802315890644
LBE,2020,0.21793178960843052
SAT,2020,1.5232381316324848
ATY,2020,0.21805320074689055
OWB,2020,0.18916332016947968
TYS,2020,0.8356192576605227
GPT,2020,0.381438291949384
ABQ,2020,1.043881948188948
FAT,2020,0.6424176455393256
ROW,2020,0.22752245872114768
OMA,2020,1.2006148735065463
BJI,2020,0.22205097716676597
MGM,2020,0.31578373636092244
SGU,2020,0.34801080068899076
IDA,2020,0.31188633915957586
JNU,2020,0.17673684851930618
PBG,2020,0.2612987296733465
APN,2020,0.24281943617654309
CDC,2020,0.20404617846426895
LAX,2020,7.646706824983155
CRW,2020,0.32447825032378924
EWN,2020,0.2618472594721902
GCK,2020,0.2183148715961148
AZA,2020,0.17673684851930618
HVN,2020,0.19655171022735762
BOI,2020,1.0634360053114087
JFK,2020,3.670849275656022
XNA,2020,0.6787096783026902
IAH,2020,6.970115856199809
ATW,2020,0.4122851897994026
EKO,2020,0.2136144108537451
ANC,2020,0.17673684851930618
MQT,2020,0.2464081515758825
LSE,2020,0.2747765448160115
LEX,2020,0.5551859888504929
RNO,2020,0.9099521028579107
JST,2020,0.1799154597395504
SRQ,2020,0.6934800060278719
PIT,2020,1.8351155557261336
RIW,2020,0.25827827504125106
FWA,2020,0.5253316292834578
GEG,2020,0.8288340660878921
MOT,2020,0.3182832957973711
ORH,2020,0.21009948035887124
LBB,2020,0.4691909942388185
GSP,2020,0.7358405490520656
PHX,2020,7.501138637673575
GRR,2020,0.9943609551933964
MLU,2020,0.3072658422277938
LGB,2020,0.6600228690980491
EAR,2020,0.25070053278506926
LAW,2020,0.2316040498580059
ELM,2020,0.2728050888464293
ERI,2020,0.21576429445610204
RST,2020,0.31020738736935777
ICT,2020,0.6191297421842392
GJT,2020,0.3923535394493285
HDN,2020,0.2621940670921123
SLN,2020,0.27367978711354807
ATL,2020,16.817369729483808
BNA,2020,3.4607537486678273
PWM,2020,0.5483131707491025
VPS,2020,0.6942280222507774
BMI,2020,0.3118764654240357
PSM,2020,0.21816851175118077
BUF,2020,0.8749727337253296
MHT,2020,0.45709345445478655
MBS,2020,0.2725408051768036
IAG,2020,0.23419390141350654
PLN,2020,0.27118823439804046
LRD,2020,0.273990473803929
SCE,2020,0.17673684851930618
RDD,2020,0.21630820949164364
KOA,2020,0.17673684851930618
GGG,2020,0.22002535988724933
JLN,2020,0.23261974293308213
AVL,2020,0.5846199877295424
MLI,2020,0.3784723690540621
MRY,2020,0.3237064262718805
GFK,2020,0.2583031030101621
GRI,2020,0.22505383882227037
SFB,2020,1.2825912394459744
SDF,2020,1.0660235052943465
PDX,2020,2.24416272831837
BGM,2020,0.20486927535398813
TUS,2020,0.9879590414068471
PAH,2020,0.22807092507597593
EAU,2020,0.227197188951811
ISP,2020,0.34121186940377274
SEA,2020,6.300784962978394
ACY,2020,0.29006663174563463
LAS,2020,6.786146470968968
DHN,2020,0.2287255799378158
BPT,2020,0.22009114789844686
HTS,2020,0.23322883385457346
MEM,2020,1.099889586254938
TRI,2020,0.3148492265434307
AEX,2020,0.31487551505520395
BQN,2020,0.17673684851930618
MKE,2020,1.2850813739818372
GTF,2020,0.2997780904905588
DLH,2020,0.291089569972641
DAL,2020,2.9938372235662074
ELP,2020,0.7800662076128753
AUS,2020,2.3404081700979704
PIB,2020,0.2150836106641784
TUL,2020,0.8391170683719824
BIS,2020,0.39160127268909156
RAP,2020,0.4333978396481927
SMF,2020,2.0518871336583846
ASE,2020,0.49199791852118047
LBF,2020,0.2506518219016717
SFO,2020,5.718940554258862
FSM,2020,0.25612024470279765
BFM,2020,0.17945367964421377
RKS,2020,0.23994297119399705
FSD,2020,0.5230142133115712
COD,2020,0.21373411368087522
MLB,2020,0.29369445388449167
TVC,2020,0.39961449223037904
XWA,2020,0.17673684851930618
SUX,2020,0.22489557165750892
BDL,2020,1.085783209385882
USA,2020,0.17673684851930618
HOU,2020,2.5111100190273743
ECP,2020,0.5496499914825664
DSM,2020,0.9091263615856168
PIR,2020,0.23682181719123738
SJC,2020,2.001564683591512
MIA,2020,3.393553754306901
PSC,2020,0.37482238038142907
DVL,2020,0.3413745393189549
FLL,2020,3.893254688741274
PIE,2020,0.9127757844276188
JMS,2020,0.46861316227407684
SUN,2020,0.2532446807367416
DIK,2020,0.19576803537957863
ORD,2020,13.874220615169952
OGS,2020,0.17673684851930618
SBA,2020,0.4345061389600921
DRO,2020,0.3442945184091946
MKG,2020,0.22059367263638274
SGF,2020,0.5946294213956861
SAV,2020,0.8072397456945386
LCH,2020,0.25036680114784116
TTN,2020,0.24323014279295313
OAK,2020,1.8404728258864715
OGG,2020,0.17673684851930618
AZO,2020,0.2941177718281569
BZN,2020,0.550531797328864
ABI,2020,0.28735702682048175
RFD,2020,0.24851842533567706
SBN,2020,0.5082241571453562
ROC,2020,0.6023017304380458
LBL,2020,0.24920417309327716
TYR,2020,0.24536867144046717
EGE,2020,0.3044052424935747
ACK,2020,0.20050914881110973
DTW,2020,8.07373082983371
DAB,2020,0.3226791962642881
ESC,2020,0.21452381274498128
PBI,2020,1.145030932646229
PSP,2020,0.7394287383844742
CIU,2020,0.22192207439751097
ALB,2020,0.6155839145451243
MYR,2020,0.7722830928074527
BRO,2020,0.2873732506909342
FAI,2020,0.17673684851930618
STC,2020,0.1844626660350712
PHL,2020,4.3294920720913135
CLT,2020,11.31176578293041
PNS,2020,0.7165218202561899
ROA,2020,0.2899076609687773
HRL,2020,0.3530778273578096
TWF,2020,0.23797621398163799
ONT,2020,1.0910306357679356
BLI,2020,0.21300408911803656
COS,2020,0.5773050961257706
SJU,2020,0.17673684851930618
BFF,2020,0.24518017620022017
MVY,2020,0.1936727313400395
BTV,2020,0.416670022162855
YUM,2020,0.2537732461178474
MOB,2020,0.3715947983786933
OKC,2020,1.1105632607458702
STL,2020,2.7076701345746192
BTR,2020,0.45056636238438486
CAK,2020,0.3265161872405892
UIN,2020,0.17738318814316606
